{
    "name": "root",
    "gauges": {
        "RaceCar.Policy.Entropy.mean": {
            "value": 6.865609169006348,
            "min": 5.399833679199219,
            "max": 6.870132923126221,
            "count": 195
        },
        "RaceCar.Policy.Entropy.sum": {
            "value": 347200.71875,
            "min": 264667.4375,
            "max": 351524.875,
            "count": 195
        },
        "RaceCar.Step.mean": {
            "value": 33549685.0,
            "min": 23849696.0,
            "max": 33549685.0,
            "count": 195
        },
        "RaceCar.Step.sum": {
            "value": 33549685.0,
            "min": 23849696.0,
            "max": 33549685.0,
            "count": 195
        },
        "RaceCar.Policy.ExtrinsicValueEstimate.mean": {
            "value": -164.12890625,
            "min": -286.6104431152344,
            "max": -126.36090087890625,
            "count": 195
        },
        "RaceCar.Policy.ExtrinsicValueEstimate.sum": {
            "value": -19038.953125,
            "min": -55787.3046875,
            "max": -14641.0166015625,
            "count": 195
        },
        "RaceCar.Environment.EpisodeLength.mean": {
            "value": 1445.4333333333334,
            "min": 364.0,
            "max": 14254.53125,
            "count": 195
        },
        "RaceCar.Environment.EpisodeLength.sum": {
            "value": 43363.0,
            "min": 36108.0,
            "max": 456145.0,
            "count": 195
        },
        "RaceCar.Environment.CumulativeReward.mean": {
            "value": -2969.708958053589,
            "min": -16229.881336089104,
            "max": -1232.0967023234723,
            "count": 195
        },
        "RaceCar.Environment.CumulativeReward.sum": {
            "value": -89091.26874160767,
            "min": -503126.3214187622,
            "max": -68622.73397445679,
            "count": 195
        },
        "RaceCar.Policy.ExtrinsicReward.mean": {
            "value": -2969.708958053589,
            "min": -16229.881336089104,
            "max": -1232.0967023234723,
            "count": 195
        },
        "RaceCar.Policy.ExtrinsicReward.sum": {
            "value": -89091.26874160767,
            "min": -503126.3214187622,
            "max": -68622.73397445679,
            "count": 195
        },
        "RaceCar.Losses.PolicyLoss.mean": {
            "value": 0.015233312416821718,
            "min": 0.008395495973527432,
            "max": 0.015233312416821718,
            "count": 195
        },
        "RaceCar.Losses.PolicyLoss.sum": {
            "value": 0.015233312416821718,
            "min": 0.008395495973527432,
            "max": 0.02782753778155893,
            "count": 195
        },
        "RaceCar.Losses.ValueLoss.mean": {
            "value": 456.04243225097656,
            "min": 168.4653643798828,
            "max": 1244.755478515625,
            "count": 195
        },
        "RaceCar.Losses.ValueLoss.sum": {
            "value": 456.04243225097656,
            "min": 168.4653643798828,
            "max": 1825.862791748047,
            "count": 195
        },
        "RaceCar.Policy.LearningRate.mean": {
            "value": 0.000249711583762811,
            "min": 0.000249711583762811,
            "max": 0.00026423180242273646,
            "count": 195
        },
        "RaceCar.Policy.LearningRate.sum": {
            "value": 0.000249711583762811,
            "min": 0.000249711583762811,
            "max": 0.0005277855795714815,
            "count": 195
        },
        "RaceCar.Policy.Epsilon.mean": {
            "value": 0.183237189,
            "min": 0.183237189,
            "max": 0.18807726350000004,
            "count": 195
        },
        "RaceCar.Policy.Epsilon.sum": {
            "value": 0.183237189,
            "min": 0.183237189,
            "max": 0.3759285185,
            "count": 195
        },
        "RaceCar.Policy.Beta.mean": {
            "value": 0.0083253951811,
            "min": 0.0083253951811,
            "max": 0.00880891862365,
            "count": 195
        },
        "RaceCar.Policy.Beta.sum": {
            "value": 0.0083253951811,
            "min": 0.0083253951811,
            "max": 0.01759525899815,
            "count": 195
        },
        "RaceCar.Losses.PretrainingLoss.mean": {
            "value": 0.0,
            "min": 0.0,
            "max": 1357.827232784695,
            "count": 195
        },
        "RaceCar.Losses.PretrainingLoss.sum": {
            "value": 0.0,
            "min": 0.0,
            "max": 1357.827232784695,
            "count": 195
        },
        "RaceCar.IsTraining.mean": {
            "value": 1.0,
            "min": 1.0,
            "max": 1.0,
            "count": 195
        },
        "RaceCar.IsTraining.sum": {
            "value": 1.0,
            "min": 1.0,
            "max": 1.0,
            "count": 195
        }
    },
    "metadata": {
        "timer_format_version": "0.1.0",
        "start_time_seconds": "1743426427",
        "python_version": "3.9.7 (tags/v3.9.7:1016ef3, Aug 30 2021, 20:19:38) [MSC v.1929 64 bit (AMD64)]",
        "command_line_arguments": "F:\\Unity\\Project Unity\\Racing Master\\venv\\Scripts\\mlagents-learn Assets\\ML-Agents\\Config\\configuration.yaml --run-id=Training01 --resume",
        "mlagents_version": "0.30.0",
        "mlagents_envs_version": "0.30.0",
        "communication_protocol_version": "1.5.0",
        "pytorch_version": "2.6.0+cu118",
        "numpy_version": "1.21.2",
        "end_time_seconds": "1743467598"
    },
    "total": 41171.427353499996,
    "count": 1,
    "self": 0.012986000001546927,
    "children": {
        "run_training.setup": {
            "total": 0.18710439999999906,
            "count": 1,
            "self": 0.18710439999999906
        },
        "TrainerController.start_learning": {
            "total": 41171.227263099994,
            "count": 1,
            "self": 19.85293870128953,
            "children": {
                "TrainerController._reset_env": {
                    "total": 97.46469819999999,
                    "count": 1,
                    "self": 13.691542499999983,
                    "children": {
                        "demo_to_buffer": {
                            "total": 83.7731557,
                            "count": 1,
                            "self": 0.0018369000000149072,
                            "children": {
                                "load_demonstration": {
                                    "total": 1.7766315000000006,
                                    "count": 1,
                                    "self": 1.6679180000000002,
                                    "children": {
                                        "read_file": {
                                            "total": 0.10871350000000035,
                                            "count": 1,
                                            "self": 0.10871350000000035
                                        }
                                    }
                                },
                                "make_demo_buffer": {
                                    "total": 81.9946873,
                                    "count": 1,
                                    "self": 10.386722499999976,
                                    "children": {
                                        "steps_from_proto": {
                                            "total": 71.60796480000002,
                                            "count": 399998,
                                            "self": 36.26363860001014,
                                            "children": {
                                                "_process_rank_one_or_two_observation": {
                                                    "total": 35.34432619998988,
                                                    "count": 2399988,